mutations	HDR_Score	HDR_Call
L35P	0.761422911	Deleterious
W912G	0.92	Deleterious
A1025R	1.27	Deleterious
L961P	1.29	Deleterious
I944N	1.477937396	Deleterious
L24S	1.664696768	Deleterious
L1070P	1.736525211	Deleterious
T1030I	2.973094371	Neutral
G1043D	3.22	Neutral
T300I	3.55610423	Neutral
I1180T	3.56127793	Neutral
L931R	3.606656218	Neutral
C933Y	3.802288044	Neutral
L947S	3.973188127	Neutral
Y409C	3.990012319	Neutral
G1021R	3.998361775	Neutral
G937R	4.27	Neutral
G937E	4.383313264	Neutral
S133T	4.415586718	Neutral
Y1064C	4.427244595	Neutral
D616G	4.433383147	Neutral
E672Q	4.439870033	Neutral
R37S	4.495245567	Neutral
D871G	4.525447777	Neutral
L763F	4.561704283	Neutral
L1107P	4.599332983	Neutral
S951F	4.599332983	Neutral
R37C	4.676478538	Neutral
H1170Y	4.714311574	Neutral
Q1044H	4.714311574	Neutral
P1088S	4.718325885	Neutral
E892K	4.74	Neutral
S534A	4.747284891	Neutral
V919I	4.757192327	Neutral
Y28C	4.783222451	Neutral
G1174R	4.846365093	Neutral
S1165L	4.863766283	Neutral
G1135E	4.913004235	Neutral
R34C	4.914642154	Neutral
K745E	4.924230722	Neutral
Y408H	4.931129227	Neutral
T397I	4.934429947	Neutral
T1167I	4.947857906	Neutral
L936S	4.951308218	Neutral
T413K	4.96240658	Neutral
V1103L	4.967610466	Neutral
W1140G	4.99	Neutral
L931P	4.992087607	Neutral
R34H	4.995160518	Neutral
W1164C	5.023808244	Neutral
Q559R	5.04473524	Neutral
E1083D	5.136204919	Neutral
S474N	5.143381065	Neutral
T1099R	5.149251956	Neutral
T397S	5.151393334	Neutral
C1060S	5.162384562	Neutral
S578G	5.181010615	Neutral
G1145R	5.239624156	Neutral
N716K	5.341252871	Neutral
L337S	5.349095984	Neutral
D616H	5.37814716	Neutral
G866V	5.608138031	Neutral
I309V	5.767292711	Neutral
L9H	5.799241006	Neutral
Q958P	6.178160926	Neutral
V1019A	6.416951734	Neutral
T734S	6.850167103	Neutral
S417Y	7.219399033	Neutral
S382I	7.338615005	Neutral
L1150R	7.470863257	Neutral
V1103M	7.650946958	Neutral
